sepal.length,sepal.width,petal.length,petal.width
5.843333333333335,3.057333333333334,3.7580000000000027,1.199333333333334
5.8,3.0,4.35,1.3
0.8253012917851409,0.43441096773549437,1.7594040657753032,0.7596926279021594
